id,name,price,first_booking_date,total_bookings,season
0,001,299,2024-09-01,2,Autumn
1,004,292,2024-09-27,4,Autumn
2,002,330,2023-12-10,4,Winter
3,004,265,2023-05-02,3,Spring
4,001,267,2024-05-12,6,Spring
5,002,374,2023-04-26,2,Spring
6,004,246,2023-02-23,1,Winter
7,004,286,2023-12-09,4,Winter
8,002,332,2024-01-24,3,Winter
9,004,230,2023-05-20,10,Spring
10,003,333,2024-09-15,10,Autumn
11,002,382,2023-06-07,9,Summer
12,002,378,2024-10-10,5,Autumn
13,004,276,2023-05-19,3,Spring
14,003,356,2024-12-20,2,Winter
15,004,290,2024-03-10,8,Spring
16,004,271,2024-11-20,1,Autumn
17,003,397,2023-01-06,3,Winter
18,001,241,2024-12-29,6,Winter
19,001,252,2024-08-27,2,Summer
20,001,269,2024-09-07,6,Autumn
21,004,273,2023-10-13,8,Autumn
22,002,325,2024-04-27,5,Spring
23,003,383,2023-02-23,5,Winter
24,001,271,2023-04-07,8,Spring
25,004,266,2024-05-09,7,Spring
26,004,253,2024-09-23,10,Autumn
27,002,338,2024-03-30,5,Spring
28,002,369,2023-06-12,10,Summer
29,004,278,2024-06-11,2,Summer
30,002,336,2023-05-01,7,Spring
31,002,365,2023-12-08,8,Winter
32,001,245,2024-02-14,9,Winter
33,002,342,2024-09-03,7,Autumn
34,001,279,2023-02-12,5,Winter
35,004,293,2023-07-19,10,Summer
36,003,388,2024-08-09,6,Summer
37,001,260,2023-08-24,3,Summer
38,001,278,2024-01-03,8,Winter
39,002,366,2024-03-15,5,Spring
40,004,255,2024-05-13,5,Spring
41,004,238,2024-01-04,7,Winter
42,004,275,2023-03-20,6,Spring
43,001,279,2024-07-08,6,Summer
44,004,265,2023-12-11,2,Winter
45,003,389,2024-01-12,6,Winter
46,001,231,2023-09-23,10,Autumn
47,003,374,2023-10-01,7,Autumn
48,003,331,2023-12-14,7,Winter
49,003,366,2023-08-29,2,Summer
50,002,356,2023-09-01,7,Autumn
51,002,375,2023-10-10,3,Autumn
52,004,237,2024-10-12,1,Autumn
53,003,349,2024-09-22,3,Autumn
54,003,348,2023-06-03,8,Summer
55,001,300,2024-01-22,1,Winter
56,004,251,2023-02-28,2,Winter
57,002,352,2024-03-15,10,Spring
58,001,292,2023-07-01,7,Summer
59,003,339,2024-03-28,4,Spring
60,002,324,2024-04-11,1,Spring
61,002,329,2024-08-01,5,Summer
62,003,355,2023-06-30,9,Summer
63,002,338,2024-02-04,9,Winter
64,002,385,2024-07-17,6,Summer
65,004,236,2023-05-10,2,Spring
66,004,242,2023-06-09,9,Summer
67,004,280,2024-03-30,3,Spring
68,003,343,2024-04-13,10,Spring
69,003,345,2023-09-26,7,Autumn
70,003,395,2023-04-21,10,Spring
71,001,260,2023-12-17,6,Winter
72,003,365,2024-03-31,1,Spring
73,002,346,2024-06-03,2,Summer
74,003,350,2023-08-04,4,Summer
75,002,331,2023-07-06,4,Summer
76,004,247,2023-06-27,10,Summer
77,003,345,2023-08-08,6,Summer
78,003,350,2023-11-01,7,Autumn
79,003,357,2024-03-31,1,Spring
80,004,285,2024-06-02,6,Summer
81,004,288,2023-04-20,7,Spring
82,001,250,2023-03-06,2,Spring
83,002,368,2023-03-15,9,Spring
84,002,334,2024-08-28,7,Summer
85,003,353,2024-07-31,4,Summer
86,001,296,2023-09-29,4,Autumn
87,004,264,2023-05-07,3,Spring
88,004,276,2023-06-01,9,Summer
89,003,382,2024-12-24,4,Winter
90,004,238,2023-04-24,6,Spring
91,004,266,2024-02-05,1,Winter
92,001,271,2023-04-15,1,Spring
93,002,371,2024-06-24,1,Summer
94,003,374,2024-02-17,7,Winter
95,003,368,2024-10-24,1,Autumn
96,004,252,2024-04-12,10,Spring
97,001,300,2023-03-30,3,Spring
98,003,351,2023-12-12,9,Winter
99,001,252,2024-09-19,5,Autumn
100,004,242,2024-05-14,9,Spring
101,001,282,2024-12-22,3,Winter
102,003,355,2024-06-16,4,Summer
103,003,337,2024-04-20,6,Spring
104,001,265,2024-01-14,10,Winter
105,003,365,2024-03-29,10,Spring
106,002,363,2024-07-06,3,Summer
107,004,285,2024-10-27,7,Autumn
108,003,342,2024-08-06,7,Summer
109,001,240,2023-06-03,2,Summer
110,002,347,2023-06-22,8,Summer
111,004,248,2023-10-10,9,Autumn
112,004,273,2024-08-31,2,Summer
113,001,246,2024-07-22,7,Summer
114,004,270,2023-08-12,5,Summer
115,003,336,2023-01-27,8,Winter
116,001,276,2023-01-25,7,Winter
117,002,327,2023-04-30,10,Spring
118,003,375,2024-08-24,10,Summer
119,003,392,2023-04-22,9,Spring
120,001,245,2023-10-01,6,Autumn
121,001,233,2024-07-23,7,Summer
122,001,288,2024-04-15,10,Spring
123,001,262,2024-09-01,8,Autumn
124,004,271,2024-03-17,10,Spring
125,003,339,2023-01-16,7,Winter
126,002,351,2023-07-09,7,Summer
127,001,260,2024-10-18,9,Autumn
128,002,347,2023-09-08,2,Autumn
129,003,391,2024-07-07,1,Summer
130,002,373,2024-03-20,2,Spring
131,001,262,2024-03-27,9,Spring
132,003,371,2023-09-24,8,Autumn
133,001,294,2023-05-14,3,Spring
134,003,400,2023-02-03,6,Winter
135,004,293,2023-09-30,4,Autumn
136,003,393,2023-07-18,4,Summer
137,003,330,2023-12-05,9,Winter
138,004,237,2024-07-14,8,Summer
139,002,389,2023-03-29,7,Spring
140,001,258,2024-06-14,7,Summer
141,003,387,2024-08-24,2,Summer
142,003,379,2024-12-23,5,Winter
143,003,393,2023-01-27,3,Winter
144,001,243,2024-05-27,9,Spring
145,001,298,2024-06-19,1,Summer
146,004,291,2024-07-22,6,Summer
147,001,235,2023-11-03,8,Autumn
148,001,277,2024-05-11,10,Spring
149,002,334,2024-07-16,1,Summer
150,004,295,2024-07-09,3,Summer
151,002,351,2024-07-18,2,Summer
152,001,252,2024-02-27,5,Winter
153,001,294,2023-11-27,9,Autumn
154,004,251,2023-12-22,7,Winter
155,003,379,2024-12-27,4,Winter
156,002,331,2023-04-10,10,Spring
157,001,258,2023-04-27,1,Spring
158,001,232,2023-01-05,7,Winter
159,002,352,2023-09-17,10,Autumn
160,002,383,2023-05-23,9,Spring
161,001,290,2023-01-14,1,Winter
162,002,349,2023-11-12,7,Autumn
163,003,360,2023-01-30,1,Winter
164,002,366,2024-09-12,2,Autumn
165,002,366,2023-12-19,10,Winter
166,003,349,2023-01-16,9,Winter
167,003,338,2023-01-07,1,Winter
168,004,245,2023-10-10,2,Autumn
169,003,382,2023-07-24,9,Summer
170,002,340,2024-10-17,6,Autumn
171,002,379,2023-10-04,9,Autumn
172,002,344,2024-03-31,9,Spring
173,001,298,2024-11-01,2,Autumn
174,002,351,2024-03-20,10,Spring
175,002,367,2023-08-28,9,Summer
176,003,339,2024-05-27,2,Spring
177,004,272,2024-09-11,7,Autumn
178,004,292,2024-01-05,3,Winter
179,001,298,2023-02-16,5,Winter
180,002,363,2023-09-16,5,Autumn
181,001,245,2023-10-11,2,Autumn
182,002,376,2024-07-29,2,Summer
183,003,384,2023-09-13,9,Autumn
184,001,241,2023-05-03,5,Spring
185,002,376,2024-03-23,7,Spring
186,002,351,2023-01-31,10,Winter
187,001,235,2023-02-23,4,Winter
188,002,365,2024-10-15,2,Autumn
189,003,372,2024-08-03,3,Summer
190,002,363,2023-04-23,4,Spring
191,003,332,2024-05-10,9,Spring
192,004,297,2023-07-28,5,Summer
193,001,300,2024-10-31,9,Autumn
194,002,376,2023-10-15,9,Autumn
195,002,382,2024-11-14,5,Autumn
196,004,242,2024-11-12,2,Autumn
197,001,232,2024-10-08,4,Autumn
198,001,268,2023-03-22,6,Spring
199,003,392,2023-04-22,7,Spring
200,004,232,2023-10-25,5,Autumn
201,002,384,2024-01-01,3,Winter
202,001,246,2023-08-23,10,Summer
203,003,397,2023-01-22,4,Winter
204,002,381,2024-06-04,6,Summer
205,003,369,2024-08-28,2,Summer
206,002,379,2024-08-22,1,Summer
207,004,244,2023-12-14,9,Winter
208,002,387,2023-07-06,9,Summer
209,001,291,2024-05-04,9,Spring
210,003,359,2023-03-01,10,Spring
211,002,321,2023-10-13,4,Autumn
212,003,381,2024-10-22,7,Autumn
213,001,230,2024-04-08,8,Spring
214,003,393,2024-12-07,2,Winter
215,003,370,2023-05-11,6,Spring
216,001,234,2023-02-13,7,Winter
217,001,295,2024-04-01,10,Spring
218,003,395,2024-08-08,5,Summer
219,001,267,2023-05-17,6,Spring
220,001,254,2023-03-12,4,Spring
221,002,339,2023-04-26,10,Spring
222,003,363,2023-10-24,4,Autumn
223,004,277,2024-04-17,7,Spring
224,002,331,2023-09-08,1,Autumn
225,001,243,2023-08-11,2,Summer
226,003,368,2023-08-07,10,Summer
227,002,340,2024-03-04,5,Spring
228,004,245,2024-04-06,5,Spring
229,002,382,2024-11-24,10,Autumn
230,001,282,2023-06-08,10,Summer
231,001,277,2024-08-12,9,Summer
232,002,321,2023-12-20,8,Winter
233,004,268,2023-04-22,2,Spring
234,004,238,2023-04-20,3,Spring
235,002,339,2024-07-18,8,Summer
236,003,399,2024-10-27,10,Autumn
237,002,378,2023-03-25,7,Spring
238,004,245,2023-10-07,8,Autumn
239,002,349,2023-06-04,6,Summer
240,003,364,2024-10-15,10,Autumn
241,002,329,2024-11-11,7,Autumn
242,003,336,2024-05-31,4,Spring
243,002,329,2023-06-07,6,Summer
244,001,257,2023-03-10,9,Spring
245,004,276,2023-07-26,9,Summer
246,001,283,2024-07-25,2,Summer
247,002,382,2024-07-08,4,Summer
248,002,371,2023-04-22,1,Spring
249,001,252,2023-05-01,1,Spring
250,001,244,2024-04-04,8,Spring
251,002,357,2023-07-15,9,Summer
252,004,298,2024-11-14,2,Autumn
253,002,371,2024-09-05,4,Autumn
254,001,260,2023-05-26,4,Spring
255,004,288,2023-07-24,10,Summer
256,003,383,2023-09-14,6,Autumn
257,004,244,2023-10-03,10,Autumn
258,004,295,2024-03-10,1,Spring
259,001,276,2023-04-01,9,Spring
260,004,237,2024-09-18,8,Autumn
261,003,349,2024-04-30,4,Spring
262,002,361,2024-05-17,2,Spring
263,001,235,2023-10-19,4,Autumn
264,002,390,2024-05-16,6,Spring
265,003,387,2023-02-28,10,Winter
266,001,238,2024-03-26,8,Spring
267,002,336,2024-05-23,2,Spring
268,002,373,2023-11-30,3,Autumn
269,002,378,2023-01-08,10,Winter
270,004,299,2023-06-20,8,Summer
271,002,333,2024-04-02,9,Spring
272,002,322,2024-03-14,4,Spring
273,003,350,2024-02-17,10,Winter
274,001,275,2024-12-30,5,Winter
275,001,298,2024-09-06,9,Autumn
276,003,361,2024-04-27,7,Spring
277,001,258,2023-03-14,2,Spring
278,004,255,2024-03-31,10,Spring
279,002,373,2024-07-19,6,Summer
280,001,240,2024-11-08,9,Autumn
281,003,388,2023-03-16,10,Spring
282,001,298,2024-11-01,5,Autumn
283,003,390,2024-02-28,2,Winter
284,003,380,2024-05-17,3,Spring
285,003,395,2024-03-19,2,Spring
286,001,299,2024-11-08,2,Autumn
287,004,293,2024-04-03,3,Spring
288,003,392,2024-10-08,1,Autumn
289,004,300,2023-11-30,10,Autumn
290,004,234,2024-11-18,1,Autumn
291,004,274,2024-12-04,2,Winter
292,001,268,2024-12-07,10,Winter
293,002,330,2023-10-19,9,Autumn
294,003,394,2024-04-01,10,Spring
295,003,375,2024-07-20,5,Summer
296,004,288,2024-02-25,4,Winter
297,003,370,2023-12-28,3,Winter
298,001,281,2023-04-08,3,Spring
299,002,373,2023-03-12,4,Spring
300,003,387,2023-10-22,6,Autumn
301,001,252,2023-07-08,3,Summer
302,001,270,2024-07-06,1,Summer
303,002,369,2024-03-25,2,Spring
304,001,233,2023-11-09,6,Autumn
305,002,320,2023-07-13,6,Summer
306,001,283,2024-08-16,4,Summer
307,002,348,2024-11-12,10,Autumn
308,001,286,2024-02-09,3,Winter
309,004,230,2024-05-06,3,Spring
310,001,257,2024-02-25,1,Winter
311,004,270,2024-08-29,1,Summer
312,004,255,2024-02-11,4,Winter
313,002,340,2024-12-24,7,Winter
314,001,291,2024-12-31,9,Winter
315,003,335,2023-12-10,10,Winter
316,004,268,2024-09-17,4,Autumn
317,002,336,2023-03-05,4,Spring
318,001,256,2024-08-08,5,Summer
319,003,362,2024-12-28,5,Winter
320,002,353,2024-08-06,4,Summer
321,002,389,2023-02-16,9,Winter
322,001,288,2024-06-25,8,Summer
323,002,336,2023-08-27,10,Summer
324,003,399,2024-07-22,6,Summer
325,001,262,2023-02-12,3,Winter
326,003,387,2023-07-23,1,Summer
327,004,234,2023-06-21,4,Summer
328,002,332,2023-01-31,1,Winter
329,002,327,2023-04-15,2,Spring
330,001,250,2024-12-01,3,Winter
331,001,234,2023-04-07,10,Spring
332,003,381,2023-02-25,8,Winter
333,001,294,2024-10-17,8,Autumn
334,004,276,2024-07-14,9,Summer
335,002,381,2023-11-04,10,Autumn
336,003,380,2024-02-13,4,Winter
337,002,367,2023-11-04,5,Autumn
338,002,344,2023-03-18,5,Spring
339,001,282,2024-12-15,3,Winter
340,003,396,2024-07-08,2,Summer
341,001,248,2023-10-25,2,Autumn
342,002,350,2023-06-27,9,Summer
343,003,394,2024-03-03,4,Spring
344,004,235,2023-07-15,5,Summer
345,004,253,2024-10-04,6,Autumn
346,003,354,2024-12-29,2,Winter
347,004,237,2023-01-23,1,Winter
348,001,269,2024-10-07,10,Autumn
349,004,244,2023-03-01,10,Spring
350,002,363,2024-12-03,3,Winter
351,004,270,2024-06-12,7,Summer
352,003,342,2024-11-12,5,Autumn
353,001,248,2023-05-25,10,Spring
354,001,264,2023-11-30,8,Autumn
355,004,279,2024-11-11,10,Autumn
356,004,260,2024-01-15,7,Winter
357,003,357,2024-04-23,2,Spring
358,002,368,2023-06-17,6,Summer
359,004,237,2024-04-10,10,Spring
360,003,338,2024-11-01,2,Autumn
361,001,271,2024-05-14,4,Spring
362,002,369,2023-02-27,2,Winter
363,004,288,2023-10-23,4,Autumn
364,004,287,2023-11-23,1,Autumn
365,004,283,2023-03-16,9,Spring
366,001,240,2024-06-20,6,Summer
367,003,352,2024-11-21,4,Autumn
368,003,330,2023-07-29,4,Summer
369,003,342,2024-01-06,4,Winter
370,001,300,2024-08-15,5,Summer
371,001,290,2023-10-18,7,Autumn
372,001,278,2024-04-29,2,Spring
373,002,353,2024-11-23,6,Autumn
374,002,329,2024-03-30,2,Spring
375,002,344,2023-07-14,2,Summer
376,003,363,2024-09-28,3,Autumn
377,002,337,2024-07-22,9,Summer
378,002,364,2024-05-11,9,Spring
379,001,261,2023-09-09,1,Autumn
380,003,360,2023-08-28,6,Summer
381,004,251,2024-06-15,4,Summer
382,001,261,2023-02-07,7,Winter
383,001,263,2024-12-20,1,Winter
384,002,366,2024-01-05,7,Winter
385,001,260,2024-02-19,5,Winter
386,001,270,2024-07-05,10,Summer
387,001,237,2023-07-17,9,Summer
388,002,353,2023-10-02,3,Autumn
389,004,295,2024-04-30,3,Spring
390,003,372,2023-09-23,8,Autumn
391,003,380,2024-12-07,8,Winter
392,003,358,2024-07-23,5,Summer
393,001,280,2023-06-02,6,Summer
394,004,230,2024-08-19,2,Summer
395,003,353,2023-02-21,5,Winter
396,002,348,2024-04-19,2,Spring
397,001,268,2023-03-15,2,Spring
398,003,370,2023-03-27,1,Spring
399,004,246,2023-07-26,3,Summer
400,001,272,2023-08-13,8,Summer
401,003,398,2024-05-08,8,Spring
402,002,358,2023-06-01,1,Summer
403,001,279,2024-07-08,8,Summer
404,002,368,2023-01-03,6,Winter
405,003,340,2023-02-06,6,Winter
406,004,288,2023-08-27,3,Summer
407,003,332,2024-04-09,5,Spring
408,002,324,2023-04-14,7,Spring
409,001,239,2024-11-14,6,Autumn
410,003,330,2023-03-21,5,Spring
411,001,264,2023-07-16,5,Summer
412,001,274,2023-02-10,8,Winter
413,004,280,2024-10-03,1,Autumn
414,001,255,2023-12-04,4,Winter
415,003,339,2024-10-27,1,Autumn
416,003,389,2023-05-24,2,Spring
417,003,358,2023-09-22,8,Autumn
418,004,266,2024-04-21,4,Spring
419,003,391,2023-07-09,8,Summer
420,004,285,2023-01-03,1,Winter
421,003,387,2024-03-25,3,Spring
422,002,332,2024-10-03,9,Autumn
423,003,383,2024-02-09,2,Winter
424,002,321,2023-05-17,7,Spring
425,001,282,2024-05-26,9,Spring
426,002,344,2023-03-14,2,Spring
427,001,293,2024-11-16,9,Autumn
428,001,255,2023-09-02,3,Autumn
429,001,255,2023-05-20,5,Spring
430,002,367,2024-04-01,8,Spring
431,003,386,2024-01-11,6,Winter
432,003,394,2024-10-25,5,Autumn
433,002,329,2023-06-15,1,Summer
434,004,255,2023-04-12,5,Spring
435,002,386,2024-08-27,7,Summer
436,001,234,2023-12-21,10,Winter
437,001,282,2024-12-11,9,Winter
438,004,293,2024-06-06,2,Summer
439,003,382,2023-07-26,9,Summer
440,004,255,2024-02-28,6,Winter
441,002,335,2023-03-09,10,Spring
442,001,250,2024-11-05,6,Autumn
443,004,258,2024-11-18,7,Autumn
444,003,335,2024-01-14,9,Winter
445,003,354,2024-12-19,3,Winter
446,004,289,2023-01-16,6,Winter
447,003,361,2023-12-19,2,Winter
448,002,390,2024-03-12,10,Spring
449,003,373,2023-07-05,7,Summer
450,002,372,2023-12-13,10,Winter
451,001,300,2023-09-12,6,Autumn
452,003,358,2024-05-06,9,Spring
453,004,280,2024-01-31,4,Winter
454,003,394,2023-03-31,2,Spring
455,002,375,2024-12-12,5,Winter
456,003,386,2024-08-13,8,Summer
457,004,238,2024-04-18,3,Spring
458,002,369,2023-12-23,9,Winter
459,001,232,2023-03-09,10,Spring
460,004,251,2024-02-06,1,Winter
461,001,268,2023-03-07,10,Spring
462,001,288,2023-11-26,3,Autumn
463,004,249,2023-05-15,6,Spring
464,004,295,2023-12-16,9,Winter
465,001,253,2023-01-26,9,Winter
466,003,342,2024-04-15,10,Spring
467,003,377,2023-01-15,7,Winter
468,004,291,2023-03-16,10,Spring
469,004,280,2023-03-02,5,Spring
470,004,284,2024-12-06,10,Winter
471,002,351,2023-01-24,9,Winter
472,002,382,2024-02-10,6,Winter
473,003,389,2023-10-31,10,Autumn
474,003,382,2023-08-13,7,Summer
475,001,297,2024-09-09,2,Autumn
476,003,346,2024-12-20,2,Winter
477,004,259,2024-08-31,3,Summer
478,001,272,2023-09-14,2,Autumn
479,003,363,2024-04-10,2,Spring
480,003,375,2023-05-09,5,Spring
481,001,236,2024-01-24,9,Winter
482,001,261,2024-09-07,3,Autumn
483,002,342,2024-02-23,3,Winter
484,002,337,2023-04-19,9,Spring
485,004,263,2024-11-06,1,Autumn
486,003,374,2024-01-26,1,Winter
487,003,367,2024-12-14,7,Winter
488,002,390,2024-05-05,2,Spring
489,002,388,2024-09-30,7,Autumn
490,002,351,2023-02-16,9,Winter
491,002,372,2023-10-05,10,Autumn
492,002,361,2023-11-11,3,Autumn
493,002,346,2023-01-01,3,Winter
494,004,289,2023-05-10,7,Spring
495,003,347,2024-05-07,8,Spring
496,001,263,2024-07-03,1,Summer
497,004,231,2024-05-13,4,Spring
498,002,390,2023-05-17,5,Spring
499,004,261,2024-09-21,3,Autumn
500,004,283,2024-11-25,4,Autumn
501,003,353,2023-09-22,3,Autumn
502,003,381,2023-12-28,9,Winter
503,003,330,2024-10-06,8,Autumn
504,002,330,2023-02-22,10,Winter
505,003,338,2024-02-11,5,Winter
506,003,382,2024-07-25,8,Summer
507,002,385,2023-04-22,1,Spring
508,001,253,2024-11-16,1,Autumn
509,004,240,2023-08-02,1,Summer
510,002,387,2023-10-30,7,Autumn
511,004,235,2023-06-08,5,Summer
512,002,386,2023-04-12,3,Spring
513,002,345,2024-05-25,3,Spring
514,001,286,2023-05-18,1,Spring
515,003,351,2023-12-19,3,Winter
516,004,246,2023-07-03,10,Summer
517,001,267,2023-04-12,6,Spring
518,004,279,2024-07-25,9,Summer
519,001,235,2023-04-12,9,Spring
520,001,292,2023-11-08,6,Autumn
521,004,259,2023-04-27,2,Spring
522,004,273,2023-08-04,6,Summer
523,002,326,2024-02-16,1,Winter
524,002,322,2023-02-05,9,Winter
525,001,234,2023-11-06,9,Autumn
526,003,348,2023-04-19,6,Spring
527,002,383,2024-06-04,8,Summer
528,003,358,2023-02-16,5,Winter
529,003,385,2023-07-19,6,Summer
530,001,256,2024-02-28,6,Winter
531,003,354,2023-04-08,1,Spring
532,004,248,2024-08-21,9,Summer
533,003,397,2024-11-28,5,Autumn
534,002,359,2024-08-17,2,Summer
535,003,398,2024-11-18,3,Autumn
536,003,392,2024-03-16,2,Spring
537,001,260,2024-07-17,8,Summer
538,004,259,2023-09-22,1,Autumn
539,003,340,2024-09-26,4,Autumn
540,002,359,2024-12-15,7,Winter
541,004,286,2024-11-19,7,Autumn
542,002,373,2023-07-07,2,Summer
543,003,374,2024-08-17,6,Summer
544,001,286,2024-07-31,7,Summer
545,001,246,2024-05-26,6,Spring
546,001,284,2024-02-17,5,Winter
547,003,376,2024-02-17,2,Winter
548,004,276,2023-09-03,9,Autumn
549,003,342,2023-05-10,4,Spring
550,004,242,2024-08-10,2,Summer
551,004,286,2024-12-12,9,Winter
552,004,274,2024-10-04,8,Autumn
553,003,342,2024-11-17,8,Autumn
554,004,282,2024-08-12,8,Summer
555,003,331,2023-01-22,2,Winter
556,004,238,2023-07-30,8,Summer
557,001,298,2024-04-15,8,Spring
558,002,365,2023-07-30,8,Summer
559,003,340,2023-09-07,3,Autumn
560,001,281,2024-07-05,9,Summer
561,004,253,2023-09-30,6,Autumn
562,003,354,2024-11-25,2,Autumn
563,004,244,2024-11-04,7,Autumn
564,002,385,2024-09-05,2,Autumn
565,004,247,2023-07-31,6,Summer
566,004,260,2023-02-21,9,Winter
567,001,271,2023-04-17,2,Spring
568,003,345,2023-07-12,10,Summer
569,003,331,2024-10-15,2,Autumn
570,002,365,2023-04-12,7,Spring
571,002,383,2024-12-14,10,Winter
572,003,381,2024-09-06,7,Autumn
573,003,346,2023-06-03,5,Summer
574,002,343,2023-08-28,2,Summer
575,004,259,2024-10-27,3,Autumn
576,002,386,2024-02-17,4,Winter
577,002,382,2024-03-17,7,Spring
578,004,273,2023-12-21,1,Winter
579,004,231,2024-04-21,4,Spring
580,002,382,2024-07-02,5,Summer
581,002,342,2023-02-24,2,Winter
582,004,250,2023-08-01,10,Summer
583,003,344,2024-08-06,10,Summer
584,002,381,2023-01-15,5,Winter
585,002,383,2023-04-28,2,Spring
586,003,336,2024-06-11,8,Summer
587,004,284,2024-07-25,10,Summer
588,002,384,2023-04-12,10,Spring
589,002,374,2023-01-23,4,Winter
590,001,283,2023-09-14,3,Autumn
591,002,335,2024-08-08,9,Summer
592,002,374,2024-04-24,7,Spring
593,002,336,2023-09-30,9,Autumn
594,003,389,2023-04-22,3,Spring
595,001,264,2024-03-24,6,Spring
596,001,233,2023-01-02,1,Winter
597,004,258,2024-07-07,3,Summer
598,001,284,2023-03-27,7,Spring
599,002,348,2024-03-15,1,Spring
600,004,243,2023-11-29,6,Autumn
601,002,345,2024-09-29,6,Autumn
602,002,339,2024-06-21,8,Summer
603,001,267,2023-03-05,8,Spring
604,003,352,2023-02-22,3,Winter
605,003,361,2024-04-04,9,Spring
606,001,253,2023-12-24,4,Winter
607,001,270,2024-01-27,5,Winter
608,004,282,2023-04-13,2,Spring
609,001,237,2024-08-07,7,Summer
610,004,275,2023-09-26,1,Autumn
611,003,340,2023-05-11,10,Spring
612,001,241,2024-03-07,2,Spring
613,002,376,2023-12-15,10,Winter
614,001,258,2024-09-27,10,Autumn
615,002,366,2024-02-14,4,Winter
616,002,366,2023-05-19,8,Spring
617,004,234,2023-05-15,1,Spring
618,003,358,2024-04-16,4,Spring
619,003,388,2023-12-03,3,Winter
620,001,278,2023-02-20,7,Winter
621,001,276,2024-11-26,8,Autumn
622,004,257,2023-05-09,5,Spring
623,001,256,2024-04-16,1,Spring
624,001,236,2024-10-14,5,Autumn
625,001,233,2024-05-01,3,Spring
626,002,353,2023-01-16,2,Winter
627,002,385,2023-08-20,4,Summer
628,002,363,2023-04-17,8,Spring
629,003,373,2024-03-06,1,Spring
630,001,239,2023-08-30,10,Summer
631,002,375,2023-01-12,4,Winter
632,001,263,2024-07-29,4,Summer
633,002,350,2023-09-15,4,Autumn
634,002,370,2023-03-17,2,Spring
635,004,290,2024-02-02,4,Winter
636,002,338,2023-10-19,2,Autumn
637,003,388,2024-05-03,1,Spring
638,001,244,2024-09-13,1,Autumn
639,003,366,2023-12-27,8,Winter
640,002,352,2024-07-12,6,Summer
641,001,300,2023-05-03,6,Spring
642,002,325,2024-05-15,2,Spring
643,004,285,2023-06-05,8,Summer
644,004,294,2024-08-30,2,Summer
645,002,340,2024-08-01,8,Summer
646,004,267,2024-01-18,9,Winter
647,003,389,2023-06-29,10,Summer
648,004,261,2024-05-08,7,Spring
649,002,363,2024-12-07,3,Winter
650,002,329,2024-04-20,8,Spring
651,001,258,2024-10-15,8,Autumn
652,001,262,2023-02-27,10,Winter
653,003,378,2023-06-14,4,Summer
654,001,264,2024-01-16,1,Winter
655,003,374,2024-07-10,6,Summer
656,001,279,2024-04-08,4,Spring
657,004,248,2023-05-02,6,Spring
658,004,253,2024-03-04,4,Spring
659,003,363,2024-01-24,4,Winter
660,004,252,2023-11-01,7,Autumn
661,002,389,2023-03-07,5,Spring
662,001,277,2024-09-10,7,Autumn
663,002,328,2023-11-06,3,Autumn
664,004,274,2024-10-03,9,Autumn
665,004,277,2023-06-26,7,Summer
666,004,270,2023-05-15,6,Spring
667,002,388,2024-05-12,10,Spring
668,001,296,2023-05-23,10,Spring
669,002,387,2023-01-09,6,Winter
670,001,257,2024-12-12,7,Winter
671,003,365,2024-05-18,6,Spring
672,002,390,2024-04-21,6,Spring
673,002,334,2023-09-12,2,Autumn
674,002,344,2023-12-09,3,Winter
675,003,388,2024-04-12,8,Spring
676,001,299,2024-09-26,8,Autumn
677,001,284,2024-04-07,1,Spring
678,001,233,2024-04-08,10,Spring
679,003,336,2023-07-27,9,Summer
680,004,293,2024-11-12,2,Autumn
681,003,346,2024-04-14,5,Spring
682,004,256,2024-12-23,3,Winter
683,001,242,2023-11-11,10,Autumn
684,003,393,2024-11-30,4,Autumn
685,002,340,2023-07-08,7,Summer
686,003,382,2023-12-27,8,Winter
687,001,253,2023-03-31,4,Spring
688,004,280,2023-08-28,4,Summer
689,002,354,2024-09-16,2,Autumn
690,001,298,2024-07-29,4,Summer
691,001,285,2023-12-27,1,Winter
692,004,267,2024-10-21,5,Autumn
693,004,285,2024-03-29,4,Spring
694,001,286,2023-11-25,1,Autumn
695,004,293,2024-01-19,5,Winter
696,003,344,2024-09-09,4,Autumn
697,003,378,2023-07-16,10,Summer
698,003,357,2023-07-30,4,Summer
699,001,246,2024-09-01,9,Autumn
700,002,348,2024-12-11,1,Winter
701,004,267,2023-11-26,8,Autumn
702,003,365,2024-10-01,10,Autumn
703,003,342,2023-04-01,4,Spring
704,001,255,2023-05-07,6,Spring
705,004,253,2024-12-12,9,Winter
706,001,248,2024-06-04,2,Summer
707,002,378,2023-10-08,6,Autumn
708,002,353,2023-09-03,3,Autumn
709,003,369,2024-07-20,5,Summer
710,003,353,2023-05-11,8,Spring
711,004,284,2023-01-24,6,Winter
712,001,295,2023-02-20,7,Winter
713,001,296,2024-03-29,6,Spring
714,003,372,2024-02-01,5,Winter
715,002,390,2024-02-03,3,Winter
716,004,286,2023-07-24,9,Summer
717,001,231,2024-03-27,9,Spring
718,003,392,2023-06-03,1,Summer
719,002,341,2023-09-14,5,Autumn
720,004,297,2023-09-08,2,Autumn
721,002,327,2023-01-04,7,Winter
722,004,290,2023-03-03,10,Spring
723,002,379,2023-04-20,6,Spring
724,001,252,2024-12-30,6,Winter
725,004,256,2023-01-24,3,Winter
726,004,278,2023-04-30,8,Spring
727,002,345,2023-07-31,2,Summer
728,001,256,2023-05-16,8,Spring
729,003,374,2023-07-26,2,Summer
730,004,240,2024-05-14,10,Spring
731,002,322,2024-10-10,3,Autumn
732,004,296,2024-02-06,3,Winter
733,002,322,2024-12-22,4,Winter
734,003,359,2024-11-13,3,Autumn
735,001,234,2024-07-01,7,Summer
736,002,384,2024-12-10,4,Winter
737,004,277,2024-01-29,6,Winter
738,003,366,2023-07-20,1,Summer
739,004,251,2024-09-20,9,Autumn
740,003,391,2024-07-14,1,Summer
741,001,265,2023-05-11,8,Spring
742,001,244,2024-06-12,4,Summer
743,004,271,2024-06-21,5,Summer
744,004,264,2023-06-26,8,Summer
745,003,361,2023-11-18,3,Autumn
746,001,284,2024-09-18,10,Autumn
747,002,388,2024-01-28,1,Winter
748,001,238,2024-10-27,10,Autumn
749,002,369,2023-06-13,6,Summer
750,004,263,2024-12-29,9,Winter
751,002,363,2024-05-30,6,Spring
752,003,352,2023-12-24,1,Winter
753,003,332,2023-05-14,1,Spring
754,004,235,2024-03-08,2,Spring
755,002,370,2023-09-26,9,Autumn
756,001,252,2024-07-24,7,Summer
757,003,354,2024-07-16,5,Summer
758,004,294,2024-02-20,4,Winter
759,003,343,2023-06-11,4,Summer
760,003,371,2023-02-16,10,Winter
761,001,238,2024-08-16,10,Summer
762,003,370,2024-04-08,1,Spring
763,004,286,2023-09-20,4,Autumn
764,001,278,2024-11-06,3,Autumn
765,003,338,2024-08-11,9,Summer
766,004,298,2024-11-09,6,Autumn
767,003,336,2024-11-21,2,Autumn
768,004,298,2024-09-14,5,Autumn
769,002,372,2023-11-12,10,Autumn
770,002,358,2023-02-26,1,Winter
771,004,286,2024-08-14,10,Summer
772,003,378,2024-05-16,9,Spring
773,004,263,2024-06-11,5,Summer
774,004,274,2024-04-18,4,Spring
775,003,389,2024-07-13,7,Summer
776,002,364,2023-02-25,3,Winter
777,004,247,2024-06-17,8,Summer
778,002,365,2023-11-18,10,Autumn
779,003,350,2024-01-25,3,Winter
780,004,240,2024-11-01,1,Autumn
781,004,269,2023-07-17,3,Summer
782,003,399,2023-03-05,8,Spring
783,002,344,2023-08-18,10,Summer
784,002,335,2024-01-19,8,Winter
785,001,268,2024-04-12,3,Spring
786,002,324,2024-09-29,7,Autumn
787,001,297,2023-06-29,7,Summer
788,003,396,2024-07-04,6,Summer
789,002,374,2024-10-26,2,Autumn
790,001,251,2024-06-21,6,Summer
791,004,293,2024-06-04,5,Summer
792,004,298,2024-11-03,2,Autumn
793,002,359,2024-02-14,3,Winter
794,002,381,2023-07-13,1,Summer
795,003,369,2023-08-12,8,Summer
796,001,259,2024-11-17,10,Autumn
797,003,387,2023-11-27,8,Autumn
798,002,374,2024-04-15,1,Spring
799,003,395,2023-03-24,10,Spring
800,004,250,2024-09-27,4,Autumn
801,002,348,2024-01-15,8,Winter
802,002,385,2024-10-06,4,Autumn
803,003,391,2023-10-11,1,Autumn
804,002,388,2023-01-29,9,Winter
805,001,271,2023-04-20,3,Spring
806,003,377,2023-05-09,9,Spring
807,001,262,2023-06-28,2,Summer
808,004,258,2023-03-23,4,Spring
809,004,243,2024-09-25,8,Autumn
810,003,371,2024-02-26,4,Winter
811,002,351,2024-05-06,6,Spring
812,004,295,2024-02-29,8,Winter
813,001,281,2023-12-06,9,Winter
814,001,249,2023-03-20,7,Spring
815,001,258,2023-09-12,7,Autumn
816,002,380,2023-03-11,6,Spring
817,001,259,2023-02-25,6,Winter
818,002,379,2023-04-21,1,Spring
819,001,243,2024-06-12,1,Summer
820,004,258,2024-11-04,9,Autumn
821,004,286,2024-11-10,8,Autumn
822,001,268,2023-04-20,2,Spring
823,001,272,2024-08-27,9,Summer
824,002,357,2023-08-02,8,Summer
825,001,277,2024-10-22,2,Autumn
826,002,343,2023-01-28,7,Winter
827,002,343,2023-02-27,5,Winter
828,002,362,2024-08-01,3,Summer
829,001,253,2023-02-02,7,Winter
830,004,256,2024-05-22,9,Spring
831,003,362,2024-01-16,9,Winter
832,001,266,2023-10-29,1,Autumn
833,003,370,2024-12-11,8,Winter
834,004,285,2023-06-09,3,Summer
835,004,248,2024-06-22,1,Summer
836,002,336,2023-10-03,2,Autumn
837,003,381,2023-01-14,2,Winter
838,002,379,2024-11-09,8,Autumn
839,001,287,2023-04-14,10,Spring
840,004,300,2024-03-04,4,Spring
841,004,290,2023-09-10,8,Autumn
842,003,346,2024-01-12,8,Winter
843,001,296,2024-06-22,8,Summer
844,003,347,2024-06-29,4,Summer
845,004,281,2023-11-25,10,Autumn
846,001,263,2024-07-01,3,Summer
847,003,373,2023-02-26,6,Winter
848,001,258,2023-02-13,2,Winter
849,003,369,2024-01-07,4,Winter
850,004,287,2023-02-18,3,Winter
851,003,337,2023-12-09,2,Winter
852,003,393,2024-03-23,3,Spring
853,004,286,2024-05-14,8,Spring
854,003,348,2023-01-13,7,Winter
855,002,381,2023-10-09,9,Autumn
856,004,255,2024-01-21,9,Winter
857,002,328,2023-08-26,2,Summer
858,003,370,2024-07-02,4,Summer
859,002,320,2024-11-23,10,Autumn
860,003,357,2023-08-31,2,Summer
861,001,281,2023-05-30,2,Spring
862,002,333,2023-10-30,5,Autumn
863,004,298,2024-11-07,6,Autumn
864,004,275,2024-07-05,4,Summer
865,002,360,2023-01-09,8,Winter
866,001,267,2024-02-08,4,Winter
867,001,292,2024-04-28,9,Spring
868,002,373,2023-12-05,2,Winter
869,004,281,2023-07-02,6,Summer
870,004,230,2024-07-28,1,Summer
871,004,251,2024-01-23,3,Winter
872,002,383,2024-06-24,3,Summer
873,004,289,2024-12-20,5,Winter
874,004,250,2024-03-02,1,Spring
875,002,327,2023-04-14,1,Spring
876,002,338,2023-01-26,7,Winter
877,003,369,2023-07-25,4,Summer
878,003,347,2024-11-29,4,Autumn
879,002,347,2024-02-20,2,Winter
880,003,383,2023-03-30,6,Spring
881,002,374,2023-08-20,7,Summer
882,003,334,2023-06-12,4,Summer
883,001,246,2024-09-24,8,Autumn
884,003,367,2024-09-11,10,Autumn
885,002,370,2023-12-20,10,Winter
886,004,288,2024-02-02,4,Winter
887,001,268,2024-07-09,8,Summer
888,002,350,2024-06-11,4,Summer
889,004,260,2023-04-13,3,Spring
890,004,231,2023-02-16,2,Winter
891,003,365,2023-02-05,7,Winter
892,004,294,2023-08-26,10,Summer
893,002,383,2023-11-02,10,Autumn
894,001,298,2023-09-07,4,Autumn
895,002,344,2024-10-24,4,Autumn
896,003,335,2023-04-18,4,Spring
897,004,262,2023-11-15,1,Autumn
898,002,369,2023-08-20,10,Summer
899,003,366,2024-09-10,3,Autumn
900,004,238,2024-12-14,9,Winter
901,003,359,2024-09-08,1,Autumn
902,003,341,2023-08-02,1,Summer
903,004,232,2023-04-13,5,Spring
904,002,333,2023-02-10,8,Winter
905,001,271,2024-03-19,2,Spring
906,004,261,2023-10-30,10,Autumn
907,001,275,2023-08-07,10,Summer
908,001,233,2024-01-08,4,Winter
909,004,300,2023-02-10,2,Winter
910,001,258,2023-08-22,6,Summer
911,004,254,2023-01-18,10,Winter
912,004,255,2024-10-22,7,Autumn
913,004,284,2023-05-16,10,Spring
914,001,285,2024-02-24,8,Winter
915,001,286,2024-03-04,7,Spring
916,001,285,2023-08-05,8,Summer
917,004,286,2023-04-21,4,Spring
918,001,249,2023-11-16,10,Autumn
919,003,392,2024-11-25,4,Autumn
920,003,355,2023-07-27,6,Summer
921,003,397,2024-05-11,4,Spring
922,003,377,2023-11-22,4,Autumn
923,002,382,2023-04-19,1,Spring
924,002,366,2024-09-02,2,Autumn
925,003,362,2024-04-30,9,Spring
926,001,252,2024-11-06,3,Autumn
927,002,348,2023-04-18,8,Spring
928,002,379,2024-06-05,8,Summer
929,003,367,2023-07-23,4,Summer
930,001,238,2024-05-05,1,Spring
931,002,340,2023-09-05,7,Autumn
932,004,276,2023-01-27,2,Winter
933,004,257,2023-03-19,2,Spring
934,002,374,2023-11-09,10,Autumn
935,002,367,2023-06-01,6,Summer
936,001,241,2023-02-03,6,Winter
937,003,334,2023-07-17,10,Summer
938,002,377,2024-12-28,6,Winter
939,002,359,2023-03-16,5,Spring
940,003,340,2023-07-05,1,Summer
941,003,350,2023-06-13,5,Summer
942,001,249,2024-04-01,3,Spring
943,003,346,2024-07-20,9,Summer
944,003,394,2024-11-18,7,Autumn
945,001,287,2023-02-05,3,Winter
946,004,267,2023-04-28,7,Spring
947,001,258,2024-05-21,7,Spring
948,004,249,2024-02-05,2,Winter
949,003,368,2023-02-16,3,Winter
950,003,359,2024-06-24,9,Summer
951,004,243,2024-03-09,3,Spring
952,003,344,2023-05-19,10,Spring
953,003,367,2023-11-07,1,Autumn
954,002,327,2023-07-03,10,Summer
955,002,341,2024-02-19,9,Winter
956,004,273,2024-01-22,5,Winter
957,002,327,2023-09-23,8,Autumn
958,003,375,2023-12-30,10,Winter
959,004,243,2024-01-01,5,Winter
960,001,282,2024-05-12,8,Spring
961,001,276,2023-11-05,10,Autumn
962,003,397,2023-08-23,4,Summer
963,002,364,2024-08-18,2,Summer
964,003,387,2023-12-20,4,Winter
965,001,241,2024-11-20,7,Autumn
966,004,239,2023-05-28,5,Spring
967,004,251,2023-03-08,1,Spring
968,004,290,2023-12-27,7,Winter
969,003,333,2023-08-13,7,Summer
970,003,399,2023-04-23,7,Spring
971,003,364,2024-09-26,2,Autumn
972,002,377,2024-12-28,8,Winter
973,001,265,2024-09-13,9,Autumn
974,004,279,2024-08-08,10,Summer
975,001,270,2023-01-23,10,Winter
976,004,237,2023-05-09,8,Spring
977,003,352,2024-02-15,2,Winter
978,003,353,2024-01-02,9,Winter
979,002,360,2023-10-23,1,Autumn
980,001,238,2024-04-26,3,Spring
981,001,282,2023-03-24,6,Spring
982,003,394,2023-03-12,8,Spring
983,001,258,2024-10-19,6,Autumn
984,002,389,2024-08-15,4,Summer
985,001,288,2023-07-08,3,Summer
986,002,329,2023-06-04,5,Summer
987,004,261,2024-12-21,4,Winter
988,001,246,2023-12-27,4,Winter
989,003,397,2024-02-11,6,Winter
990,003,337,2023-02-21,9,Winter
991,002,376,2024-08-16,5,Summer
992,002,358,2023-03-13,4,Spring
993,002,378,2023-06-08,9,Summer
994,004,240,2024-01-23,10,Winter
995,001,234,2024-08-22,3,Summer
996,003,330,2023-08-09,1,Summer
997,002,341,2024-04-26,4,Spring
998,003,345,2023-05-15,2,Spring
999,004,290,2024-11-01,3,Autumn
1000,003,368,2023-12-18,3,Winter
1001,003,372,2023-04-04,2,Spring
1002,003,376,2023-04-22,7,Spring
1003,002,356,2024-05-08,2,Spring
1004,003,382,2024-08-23,2,Summer
1005,001,274,2024-06-15,8,Summer
1006,003,388,2024-03-21,3,Spring
1007,002,385,2023-01-17,7,Winter
1008,001,236,2024-12-12,9,Winter
1009,004,271,2023-08-27,6,Summer
1010,004,280,2024-08-18,3,Summer
1011,002,350,2023-05-14,8,Spring
1012,001,237,2023-04-05,8,Spring
1013,002,326,2023-04-04,6,Spring
1014,003,375,2024-05-22,10,Spring
1015,001,298,2023-10-23,4,Autumn
1016,002,350,2023-09-05,10,Autumn
1017,001,239,2023-04-14,7,Spring
1018,004,232,2023-03-16,1,Spring
1019,001,241,2023-02-24,10,Winter
1020,001,234,2023-10-19,7,Autumn
1021,004,291,2024-05-03,9,Spring
1022,003,349,2023-03-17,4,Spring
1023,003,397,2024-07-09,9,Summer
1024,003,394,2024-01-12,6,Winter
1025,001,254,2023-02-19,10,Winter
1026,004,276,2023-04-05,10,Spring
1027,001,262,2023-01-08,5,Winter
1028,003,349,2024-05-21,2,Spring
1029,001,294,2024-10-22,3,Autumn
1030,003,364,2023-03-01,3,Spring
1031,001,257,2023-08-21,6,Summer
1032,003,361,2023-05-14,6,Spring
1033,002,341,2024-09-23,9,Autumn
1034,003,345,2023-02-06,10,Winter
1035,003,330,2023-06-07,7,Summer
1036,004,290,2024-01-19,3,Winter
1037,002,336,2024-05-15,8,Spring
1038,003,387,2024-12-28,7,Winter
1039,003,349,2024-06-18,7,Summer
1040,003,347,2024-12-14,2,Winter
1041,004,287,2024-10-04,5,Autumn
1042,001,240,2024-02-22,10,Winter
1043,003,378,2024-08-16,1,Summer
1044,003,349,2023-08-17,5,Summer
1045,001,259,2023-07-07,9,Summer
1046,001,260,2024-02-08,8,Winter
1047,002,354,2023-10-18,2,Autumn
1048,004,233,2024-12-27,7,Winter
1049,003,379,2024-04-10,1,Spring
1050,003,348,2023-12-07,2,Winter
1051,004,282,2024-05-15,6,Spring
1052,004,238,2023-04-26,5,Spring
1053,001,261,2023-08-10,10,Summer
1054,002,321,2024-03-31,6,Spring
1055,003,389,2024-11-01,3,Autumn
1056,003,351,2023-02-02,7,Winter
1057,002,387,2024-01-13,8,Winter
1058,002,386,2023-11-02,5,Autumn
1059,004,246,2023-12-08,2,Winter
1060,002,371,2023-02-04,9,Winter
1061,001,297,2024-02-08,9,Winter
1062,003,340,2023-06-16,2,Summer
1063,003,331,2024-03-17,10,Spring
1064,001,254,2024-04-09,3,Spring
1065,004,250,2024-05-12,9,Spring
1066,001,259,2023-02-16,1,Winter
1067,002,357,2024-10-22,4,Autumn
1068,003,357,2023-06-16,6,Summer
1069,002,390,2023-07-22,1,Summer
1070,002,342,2024-02-08,10,Winter
1071,003,396,2024-03-27,7,Spring
1072,002,380,2023-05-03,1,Spring
1073,002,320,2023-03-23,5,Spring
1074,001,237,2023-11-15,2,Autumn
1075,002,389,2024-06-06,8,Summer
1076,002,332,2024-06-26,9,Summer
1077,001,272,2023-11-16,1,Autumn
1078,002,342,2023-06-08,4,Summer
1079,002,330,2023-06-29,2,Summer
1080,002,384,2024-09-05,4,Autumn
1081,004,281,2024-06-29,10,Summer
1082,003,355,2023-09-03,4,Autumn
1083,004,262,2023-10-10,1,Autumn
1084,003,338,2023-10-31,7,Autumn
1085,003,387,2024-12-08,6,Winter
1086,003,367,2023-03-21,3,Spring
1087,002,325,2023-06-18,4,Summer
1088,004,277,2023-12-12,6,Winter
1089,002,343,2024-07-27,9,Summer
1090,004,261,2024-05-07,3,Spring
1091,001,279,2023-01-06,6,Winter
1092,001,239,2023-02-14,1,Winter
1093,004,253,2023-04-20,6,Spring
1094,002,335,2024-01-23,8,Winter
1095,001,237,2023-02-04,2,Winter
1096,001,269,2024-01-23,2,Winter
1097,002,349,2024-07-28,4,Summer
1098,002,365,2024-01-14,9,Winter
1099,004,261,2023-02-09,4,Winter
1100,003,372,2023-07-02,1,Summer
1101,003,338,2023-11-01,5,Autumn
1102,004,267,2024-06-21,7,Summer
1103,002,385,2023-07-29,2,Summer
1104,004,294,2024-10-09,10,Autumn
1105,004,283,2024-05-29,9,Spring
1106,003,345,2024-01-12,9,Winter
1107,002,369,2023-06-06,6,Summer
1108,003,398,2024-01-13,4,Winter
1109,004,261,2023-12-04,10,Winter
1110,004,257,2023-01-20,10,Winter
1111,001,250,2023-08-10,7,Summer
1112,002,351,2023-12-12,3,Winter
1113,004,275,2024-07-14,3,Summer
1114,002,324,2024-08-17,4,Summer
1115,001,243,2024-02-03,9,Winter
1116,004,297,2023-10-20,6,Autumn
1117,003,364,2023-12-04,3,Winter
1118,002,363,2023-10-15,6,Autumn
1119,002,320,2024-02-11,6,Winter
1120,001,239,2024-10-04,1,Autumn
1121,003,351,2023-04-14,6,Spring
1122,004,283,2023-03-12,6,Spring
1123,001,250,2023-09-25,4,Autumn
1124,003,371,2024-04-23,10,Spring
1125,003,332,2024-07-05,9,Summer
1126,004,289,2024-10-22,7,Autumn
1127,004,244,2024-12-17,10,Winter
1128,004,291,2024-03-13,7,Spring
1129,003,376,2023-07-21,4,Summer
1130,004,294,2023-12-07,8,Winter
1131,004,249,2023-11-17,7,Autumn
1132,004,242,2023-12-23,2,Winter
1133,001,250,2023-04-22,8,Spring
1134,003,333,2023-04-09,3,Spring
1135,002,367,2023-05-22,9,Spring
1136,002,347,2023-01-30,9,Winter
1137,002,360,2023-02-07,8,Winter
1138,004,261,2023-08-07,2,Summer
1139,002,352,2024-06-16,10,Summer
1140,002,390,2024-12-19,8,Winter
1141,002,356,2024-02-10,8,Winter
1142,003,371,2023-05-12,1,Spring
1143,004,269,2023-09-26,5,Autumn
1144,003,371,2024-05-14,6,Spring
1145,004,241,2024-07-17,3,Summer
1146,004,263,2023-04-29,10,Spring
1147,003,345,2024-01-31,7,Winter
1148,004,261,2023-11-30,7,Autumn
1149,002,367,2024-03-09,10,Spring
1150,003,372,2024-06-13,8,Summer
1151,002,376,2024-09-23,8,Autumn
1152,001,250,2023-12-06,3,Winter
1153,004,252,2023-04-15,2,Spring
1154,003,374,2024-05-05,3,Spring
1155,004,245,2024-01-25,6,Winter
1156,003,377,2024-03-21,2,Spring
1157,004,292,2024-02-27,1,Winter
1158,001,256,2023-03-21,1,Spring
1159,004,250,2024-01-28,4,Winter
1160,002,350,2024-10-30,2,Autumn
1161,004,273,2024-01-04,4,Winter
1162,001,238,2023-07-14,4,Summer
1163,002,382,2023-06-13,4,Summer
1164,003,340,2024-12-10,8,Winter
1165,004,291,2024-01-03,4,Winter
1166,004,264,2023-09-19,4,Autumn
1167,002,328,2023-09-11,5,Autumn
1168,002,360,2024-12-17,1,Winter
1169,004,238,2024-11-19,10,Autumn
1170,003,330,2024-11-14,3,Autumn
1171,001,271,2024-06-15,1,Summer
1172,001,272,2023-10-04,7,Autumn
1173,002,364,2024-12-22,8,Winter
1174,002,339,2024-06-12,9,Summer
1175,003,384,2023-02-12,2,Winter
1176,001,254,2024-06-22,8,Summer
1177,002,326,2024-04-29,9,Spring
1178,002,320,2024-06-14,8,Summer
1179,002,331,2024-05-18,9,Spring
1180,001,240,2023-10-14,7,Autumn
1181,004,286,2023-09-14,3,Autumn
1182,004,234,2024-11-15,3,Autumn
1183,002,343,2024-10-24,6,Autumn
1184,004,283,2024-03-19,6,Spring
1185,002,343,2024-01-03,6,Winter
1186,001,279,2023-10-31,6,Autumn
1187,003,350,2024-11-27,10,Autumn
1188,003,367,2023-06-08,7,Summer
1189,004,268,2024-12-10,7,Winter
1190,002,370,2024-11-14,9,Autumn
1191,003,391,2024-03-21,6,Spring
1192,001,260,2024-12-18,4,Winter
1193,001,264,2024-05-22,5,Spring
1194,001,253,2024-10-15,1,Autumn
1195,004,285,2023-10-29,6,Autumn
1196,002,375,2024-11-25,5,Autumn
1197,002,343,2023-05-12,10,Spring
1198,003,381,2023-01-30,2,Winter
1199,003,330,2023-03-29,9,Spring
1200,003,386,2023-11-03,9,Autumn
1201,001,295,2023-05-31,10,Spring
1202,004,249,2024-05-09,4,Spring
1203,001,240,2024-05-13,8,Spring
1204,004,235,2024-09-10,8,Autumn
1205,003,350,2024-02-28,10,Winter
1206,002,330,2024-09-10,9,Autumn
1207,002,373,2024-06-26,5,Summer
1208,001,282,2023-04-01,10,Spring
1209,001,252,2023-10-15,5,Autumn
1210,003,372,2024-12-05,3,Winter
1211,004,283,2023-01-01,3,Winter
1212,003,344,2023-01-25,7,Winter
1213,001,247,2023-01-29,7,Winter
1214,003,344,2024-02-05,7,Winter
1215,004,247,2024-11-23,10,Autumn
1216,001,256,2023-02-01,3,Winter
1217,003,339,2024-03-05,7,Spring
1218,004,240,2024-12-14,5,Winter
1219,003,334,2023-03-05,2,Spring
1220,004,233,2024-07-31,9,Summer
1221,004,238,2024-05-13,10,Spring
1222,004,289,2024-10-10,9,Autumn
1223,002,389,2024-03-02,4,Spring
1224,003,349,2024-06-06,8,Summer
1225,004,293,2023-01-01,7,Winter
1226,002,327,2024-04-16,4,Spring
1227,004,240,2024-06-08,8,Summer
1228,001,275,2023-12-09,5,Winter
1229,001,250,2023-08-14,6,Summer
1230,002,367,2024-08-28,9,Summer
1231,003,355,2023-06-05,4,Summer
1232,003,337,2023-08-24,9,Summer
1233,004,232,2023-07-28,9,Summer
1234,001,264,2024-04-24,2,Spring
1235,002,324,2024-09-19,9,Autumn
1236,001,289,2023-05-21,9,Spring
1237,002,385,2024-07-30,1,Summer
1238,002,328,2024-11-17,5,Autumn
1239,002,350,2023-02-06,2,Winter
1240,003,390,2023-11-09,5,Autumn
1241,003,354,2024-03-01,3,Spring
1242,002,374,2023-12-16,2,Winter
1243,004,267,2023-05-24,9,Spring
1244,004,259,2023-08-05,6,Summer
1245,002,330,2024-06-01,7,Summer
1246,004,249,2023-02-23,10,Winter
1247,002,360,2023-03-13,5,Spring
1248,002,346,2024-05-20,3,Spring
1249,001,288,2023-05-09,6,Spring
1250,003,336,2024-04-14,3,Spring
1251,002,352,2024-11-05,5,Autumn
1252,001,280,2024-02-02,8,Winter
1253,003,339,2023-12-24,5,Winter
1254,002,381,2024-12-01,5,Winter
1255,002,376,2023-12-23,3,Winter
1256,001,250,2023-08-11,1,Summer
1257,002,345,2023-08-11,6,Summer
1258,002,361,2023-09-25,3,Autumn
1259,003,396,2023-03-22,10,Spring
1260,001,235,2023-06-22,8,Summer
1261,003,362,2024-08-22,8,Summer
1262,001,298,2023-09-20,5,Autumn
1263,002,376,2024-09-25,6,Autumn
1264,001,236,2023-11-10,4,Autumn
1265,002,326,2023-03-10,6,Spring
1266,001,237,2024-05-14,8,Spring
1267,004,257,2024-12-27,4,Winter
1268,003,332,2023-06-21,9,Summer
1269,001,284,2024-11-16,3,Autumn
1270,002,324,2024-11-03,3,Autumn
1271,003,389,2023-04-20,3,Spring
1272,003,357,2024-01-06,4,Winter
1273,002,333,2024-10-20,4,Autumn
1274,002,342,2024-10-16,7,Autumn
1275,002,327,2024-04-04,9,Spring
1276,001,270,2023-11-26,10,Autumn
1277,001,260,2023-05-31,10,Spring
1278,004,240,2024-08-03,2,Summer
1279,001,285,2024-11-29,6,Autumn
1280,004,265,2023-07-12,5,Summer
1281,002,361,2023-03-27,10,Spring
1282,003,390,2024-07-06,4,Summer
1283,003,365,2023-02-18,7,Winter
1284,004,235,2024-04-13,4,Spring
1285,001,243,2023-08-15,3,Summer
1286,003,393,2023-08-27,4,Summer
1287,004,244,2023-09-17,2,Autumn
1288,001,281,2023-09-24,7,Autumn
1289,004,239,2023-09-21,4,Autumn
1290,003,351,2024-10-26,2,Autumn
1291,004,236,2023-07-01,3,Summer
1292,004,252,2024-05-27,10,Spring
1293,004,272,2024-01-25,6,Winter
1294,001,288,2023-05-21,8,Spring
1295,003,339,2024-08-31,4,Summer
1296,002,348,2023-09-05,9,Autumn
1297,004,256,2024-06-24,10,Summer
1298,001,281,2024-09-18,6,Autumn
1299,004,278,2024-03-09,4,Spring
1300,002,339,2023-10-20,10,Autumn
1301,002,338,2023-11-10,8,Autumn
1302,003,383,2024-10-20,9,Autumn
1303,001,279,2023-07-28,10,Summer
1304,003,371,2023-07-19,2,Summer
1305,002,359,2024-01-31,5,Winter
1306,002,322,2024-07-27,6,Summer
1307,001,293,2023-04-16,8,Spring
1308,001,294,2024-02-19,9,Winter
1309,003,397,2023-04-13,8,Spring
1310,004,255,2024-10-01,2,Autumn
1311,004,247,2023-12-02,6,Winter
1312,004,273,2023-05-13,6,Spring
1313,002,358,2024-08-25,8,Summer
1314,004,294,2023-12-12,5,Winter
1315,004,237,2023-09-07,1,Autumn
1316,004,245,2024-04-22,6,Spring
1317,004,262,2024-05-06,10,Spring
1318,004,263,2024-02-25,3,Winter
1319,004,278,2023-05-16,7,Spring
1320,002,378,2024-03-01,2,Spring
1321,004,296,2023-08-02,4,Summer
1322,001,233,2024-08-03,5,Summer
1323,003,338,2023-10-25,8,Autumn
1324,001,287,2023-09-16,9,Autumn
1325,002,361,2024-12-31,1,Winter
1326,001,255,2023-10-11,4,Autumn
1327,003,386,2023-11-24,4,Autumn
1328,004,286,2023-11-18,7,Autumn
1329,002,321,2023-08-26,9,Summer
1330,002,330,2023-09-16,1,Autumn
1331,003,353,2023-10-28,4,Autumn
1332,003,350,2024-05-01,8,Spring
1333,002,355,2023-11-04,7,Autumn
1334,001,286,2024-04-24,7,Spring
1335,002,327,2023-02-16,5,Winter
1336,003,335,2024-10-06,9,Autumn
1337,001,287,2023-09-22,9,Autumn
1338,001,271,2023-01-11,1,Winter
1339,002,378,2024-11-30,3,Autumn
1340,003,337,2023-05-02,10,Spring
1341,001,230,2023-05-13,5,Spring
1342,004,270,2024-09-13,9,Autumn
1343,003,388,2023-06-11,8,Summer
1344,004,281,2023-08-16,7,Summer
1345,004,237,2024-12-23,8,Winter
1346,004,252,2023-07-21,8,Summer
1347,002,341,2023-08-13,10,Summer
1348,001,246,2024-04-02,4,Spring
1349,004,234,2024-09-16,9,Autumn
1350,003,374,2024-04-10,10,Spring
1351,003,392,2024-04-29,5,Spring
1352,004,284,2023-08-23,4,Summer
1353,003,355,2023-08-31,2,Summer
1354,004,290,2024-12-16,1,Winter
1355,003,375,2023-11-01,4,Autumn
1356,003,384,2024-12-04,4,Winter
1357,001,274,2024-03-21,9,Spring
1358,003,400,2023-10-08,8,Autumn
1359,002,339,2024-08-16,9,Summer
1360,004,273,2023-05-02,2,Spring
1361,003,370,2024-01-21,3,Winter
1362,004,246,2023-08-13,9,Summer
1363,002,321,2024-05-15,8,Spring
1364,001,278,2023-11-21,3,Autumn
1365,002,324,2023-12-31,1,Winter
1366,004,280,2024-03-22,9,Spring
1367,004,252,2024-09-23,6,Autumn
1368,004,272,2024-03-20,7,Spring
1369,001,284,2023-11-28,2,Autumn
1370,001,234,2023-08-31,5,Summer
1371,002,383,2023-08-28,4,Summer
1372,002,357,2023-03-09,8,Spring
1373,002,352,2024-03-10,10,Spring
1374,002,384,2023-02-26,3,Winter
1375,003,333,2023-07-08,8,Summer
1376,003,357,2023-10-03,4,Autumn
1377,001,276,2023-10-18,5,Autumn
1378,003,349,2023-05-03,10,Spring
1379,002,372,2023-12-04,10,Winter
1380,004,263,2024-02-06,8,Winter
1381,001,264,2024-10-15,10,Autumn
1382,002,382,2023-07-26,8,Summer
1383,001,299,2024-08-30,1,Summer
1384,003,357,2023-07-13,9,Summer
1385,003,343,2023-05-13,6,Spring
1386,004,250,2024-03-26,8,Spring
1387,004,233,2024-08-13,1,Summer
1388,002,376,2024-11-02,8,Autumn
1389,004,266,2024-06-19,3,Summer
1390,003,370,2023-12-06,6,Winter
1391,001,300,2023-05-14,5,Spring
1392,002,368,2023-08-26,1,Summer
1393,001,231,2023-02-12,3,Winter
1394,002,369,2024-09-26,3,Autumn
1395,001,276,2023-02-24,1,Winter
1396,004,231,2023-08-17,7,Summer
1397,002,348,2024-03-09,7,Spring
1398,003,377,2024-07-16,6,Summer
1399,001,244,2023-04-02,10,Spring
1400,001,268,2024-03-20,8,Spring
1401,002,339,2023-04-05,3,Spring
1402,003,371,2024-06-26,4,Summer
1403,003,373,2024-11-07,4,Autumn
1404,001,244,2023-06-20,10,Summer
1405,001,296,2024-10-04,3,Autumn
1406,003,381,2024-11-02,2,Autumn
1407,002,355,2023-02-08,7,Winter
1408,003,383,2023-02-16,8,Winter
1409,003,349,2023-05-14,5,Spring
1410,004,241,2024-02-14,9,Winter
1411,002,356,2023-10-21,3,Autumn
1412,003,381,2024-07-02,4,Summer
1413,001,251,2024-04-19,3,Spring
1414,003,380,2024-02-20,3,Winter
1415,003,362,2023-12-01,8,Winter
1416,004,289,2024-02-26,9,Winter
1417,002,351,2024-11-16,8,Autumn
1418,004,230,2023-05-29,10,Spring
1419,003,370,2023-12-01,1,Winter
1420,004,245,2023-06-17,2,Summer
1421,001,239,2023-10-29,5,Autumn
1422,001,300,2024-05-24,2,Spring
1423,001,285,2023-02-28,2,Winter
1424,001,235,2024-11-08,4,Autumn
1425,001,279,2023-04-19,10,Spring
1426,003,358,2024-07-30,6,Summer
1427,002,324,2024-04-03,2,Spring
1428,004,250,2023-09-05,2,Autumn
1429,002,320,2024-07-30,3,Summer
1430,003,347,2023-11-14,9,Autumn
1431,003,368,2024-12-22,8,Winter
1432,004,293,2023-11-10,2,Autumn
1433,003,357,2023-02-28,4,Winter
1434,001,281,2024-01-10,10,Winter
1435,003,336,2024-02-20,1,Winter
1436,004,234,2024-10-20,3,Autumn
1437,003,358,2024-02-16,7,Winter
1438,002,340,2023-08-30,9,Summer
1439,002,332,2023-07-14,2,Summer
1440,004,256,2023-10-13,1,Autumn
1441,001,239,2024-05-04,6,Spring
1442,002,342,2023-05-25,2,Spring
1443,004,281,2024-01-27,9,Winter
1444,004,256,2024-09-17,9,Autumn
1445,003,350,2023-01-23,3,Winter
1446,002,352,2023-12-04,3,Winter
1447,003,332,2024-04-30,6,Spring
1448,002,359,2023-07-01,1,Summer
1449,003,368,2023-10-31,1,Autumn
1450,004,300,2024-01-16,2,Winter
1451,004,261,2024-09-14,6,Autumn
1452,002,352,2024-07-22,7,Summer
1453,004,296,2024-11-13,3,Autumn
1454,001,242,2023-05-14,4,Spring
1455,004,270,2023-12-16,4,Winter
1456,001,244,2024-12-18,9,Winter
1457,003,332,2024-12-25,7,Winter
1458,002,375,2024-01-13,10,Winter
1459,003,365,2023-01-13,3,Winter
1460,002,330,2024-05-01,3,Spring
1461,002,382,2024-10-24,1,Autumn
1462,003,345,2024-05-18,9,Spring
1463,002,386,2023-05-13,10,Spring
1464,002,337,2024-10-13,10,Autumn
1465,002,365,2024-05-27,9,Spring
1466,002,368,2023-02-22,1,Winter
1467,002,374,2023-09-08,10,Autumn
1468,002,325,2023-07-30,1,Summer
1469,002,351,2024-09-14,6,Autumn
1470,004,294,2024-11-26,8,Autumn
1471,002,366,2023-01-03,3,Winter
1472,002,372,2024-06-21,4,Summer
1473,003,331,2023-02-07,1,Winter
1474,004,270,2023-07-03,6,Summer
1475,001,254,2024-01-17,4,Winter
1476,003,398,2024-02-10,10,Winter
1477,001,281,2023-01-10,10,Winter
1478,004,293,2023-12-29,5,Winter
1479,001,297,2024-01-31,1,Winter
1480,003,383,2024-05-13,8,Spring
1481,002,371,2024-10-03,5,Autumn
1482,003,332,2023-09-25,3,Autumn
1483,003,379,2023-11-08,7,Autumn
1484,002,347,2023-03-02,7,Spring
1485,004,230,2023-06-20,5,Summer
1486,003,365,2024-11-13,1,Autumn
1487,004,294,2023-05-06,9,Spring
1488,001,299,2023-11-09,2,Autumn
1489,002,320,2024-04-15,6,Spring
1490,002,372,2024-11-27,2,Autumn
1491,002,369,2023-09-18,5,Autumn
1492,004,290,2023-10-16,1,Autumn
1493,001,296,2023-09-16,10,Autumn
1494,002,357,2024-04-24,1,Spring
1495,003,388,2024-01-01,8,Winter
1496,003,356,2024-12-15,6,Winter
1497,001,296,2023-01-16,8,Winter
1498,001,247,2023-01-20,5,Winter
1499,003,346,2024-03-05,8,Spring
1500,004,241,2024-06-04,3,Summer
1501,004,300,2023-04-22,10,Spring
1502,003,365,2023-09-04,9,Autumn
1503,002,343,2023-09-05,9,Autumn
1504,002,334,2024-01-03,2,Winter
1505,001,270,2024-01-23,4,Winter
1506,002,324,2023-08-19,3,Summer
1507,001,254,2024-01-03,2,Winter
1508,004,296,2023-05-12,6,Spring
1509,001,237,2024-05-19,2,Spring
1510,003,388,2024-12-03,6,Winter
1511,003,334,2023-08-30,4,Summer
1512,002,385,2024-08-21,5,Summer
1513,002,353,2023-05-18,3,Spring
1514,003,371,2024-01-03,1,Winter
1515,003,395,2024-10-01,10,Autumn
1516,002,333,2023-11-25,1,Autumn
1517,002,389,2023-01-04,6,Winter
1518,003,382,2024-08-27,5,Summer
1519,003,348,2023-01-08,4,Winter
1520,002,363,2023-10-22,2,Autumn
1521,003,387,2024-04-10,10,Spring
1522,003,354,2023-08-25,4,Summer
1523,004,230,2023-07-13,9,Summer
1524,001,277,2023-01-03,5,Winter
1525,002,327,2024-07-14,1,Summer
1526,004,252,2024-09-30,5,Autumn
1527,004,234,2023-11-20,7,Autumn
1528,002,356,2024-06-20,9,Summer
1529,004,278,2023-08-29,3,Summer
1530,004,267,2024-09-11,5,Autumn
1531,004,275,2024-09-28,3,Autumn
1532,003,382,2023-03-06,5,Spring
1533,004,269,2023-04-21,7,Spring
1534,003,361,2024-04-23,4,Spring
1535,004,283,2024-02-10,6,Winter
1536,003,377,2024-10-15,8,Autumn
1537,004,251,2024-06-06,7,Summer
1538,001,291,2023-07-02,2,Summer
1539,001,260,2024-10-15,7,Autumn
1540,004,296,2023-07-04,8,Summer
1541,003,384,2023-01-08,3,Winter
1542,004,244,2023-12-12,1,Winter
1543,003,375,2023-02-07,9,Winter
1544,002,356,2023-08-22,7,Summer
1545,003,358,2023-12-18,5,Winter
1546,003,343,2024-05-01,6,Spring
1547,003,396,2023-12-03,8,Winter
1548,004,254,2024-12-17,9,Winter
1549,001,282,2023-08-11,1,Summer
1550,002,337,2024-11-13,4,Autumn
1551,003,357,2023-01-04,6,Winter
1552,004,234,2023-07-05,7,Summer
1553,002,379,2023-08-29,6,Summer
1554,001,243,2023-12-11,8,Winter
1555,001,242,2024-09-23,6,Autumn
1556,003,372,2024-07-09,5,Summer
1557,001,254,2024-04-16,2,Spring
1558,004,262,2023-04-22,6,Spring
1559,004,234,2024-02-26,7,Winter
1560,004,250,2023-07-23,1,Summer
1561,002,374,2024-05-26,9,Spring
1562,003,398,2024-02-07,2,Winter
1563,004,235,2024-09-07,9,Autumn
1564,002,368,2024-07-30,6,Summer
1565,001,285,2024-03-10,8,Spring
1566,001,235,2023-09-08,2,Autumn
1567,004,270,2023-04-03,9,Spring
1568,003,361,2023-01-29,2,Winter
1569,003,342,2024-10-25,2,Autumn
1570,003,383,2023-05-20,2,Spring
1571,003,377,2024-04-16,9,Spring
1572,003,358,2023-06-30,6,Summer
1573,003,370,2023-01-07,3,Winter
1574,002,338,2024-08-25,3,Summer
1575,003,398,2023-05-03,4,Spring
1576,004,233,2024-01-18,2,Winter
1577,001,254,2023-12-30,2,Winter
1578,003,355,2024-09-15,9,Autumn
1579,004,262,2024-05-26,8,Spring
1580,002,350,2024-05-25,4,Spring
1581,004,232,2024-10-10,1,Autumn
1582,004,239,2023-09-25,4,Autumn
1583,003,343,2023-08-10,3,Summer
1584,003,352,2024-03-02,10,Spring
1585,002,324,2024-05-04,9,Spring
1586,003,359,2023-08-24,2,Summer
1587,002,357,2024-07-21,10,Summer
1588,002,324,2024-07-30,4,Summer
1589,004,233,2023-01-10,2,Winter
1590,003,350,2024-01-10,7,Winter
1591,003,379,2024-07-30,3,Summer
1592,002,332,2023-09-16,6,Autumn
1593,004,251,2023-02-03,10,Winter
1594,003,361,2024-09-14,7,Autumn
1595,002,322,2023-07-28,7,Summer
1596,003,344,2023-12-01,9,Winter
1597,003,348,2024-10-10,9,Autumn
1598,003,340,2023-05-23,4,Spring
1599,003,400,2024-08-18,3,Summer
1600,002,377,2024-10-02,1,Autumn
1601,002,356,2023-04-30,4,Spring
1602,003,354,2024-08-31,6,Summer
1603,003,356,2024-11-27,4,Autumn
1604,002,374,2023-11-23,6,Autumn
1605,003,348,2023-01-17,8,Winter
1606,004,285,2024-02-07,6,Winter
1607,004,267,2023-06-17,2,Summer
1608,002,383,2023-09-27,5,Autumn
1609,003,398,2023-04-17,2,Spring
1610,003,369,2024-05-07,10,Spring
1611,002,323,2024-11-21,8,Autumn
1612,003,356,2024-11-19,9,Autumn
1613,002,359,2023-10-06,2,Autumn
1614,003,333,2024-12-21,4,Winter
1615,001,231,2023-09-29,2,Autumn
1616,003,368,2023-09-25,4,Autumn
1617,001,235,2024-12-04,3,Winter
1618,003,385,2023-10-14,2,Autumn
1619,002,354,2024-11-12,2,Autumn
1620,003,396,2023-12-10,5,Winter
1621,003,380,2024-02-18,9,Winter
1622,001,293,2024-05-11,9,Spring
1623,002,390,2024-05-05,6,Spring
1624,003,376,2023-02-06,4,Winter
1625,001,298,2023-03-16,1,Spring
1626,002,380,2023-11-07,1,Autumn
1627,003,356,2023-07-26,2,Summer
1628,004,271,2023-10-11,10,Autumn
1629,002,380,2024-03-28,6,Spring
1630,001,274,2023-09-24,9,Autumn
1631,002,364,2023-04-07,1,Spring
1632,002,386,2024-08-29,4,Summer
1633,004,252,2023-07-07,4,Summer
1634,001,247,2023-08-25,6,Summer
1635,001,267,2023-02-15,7,Winter
1636,003,359,2024-05-18,5,Spring
1637,002,348,2024-02-06,2,Winter
1638,004,279,2023-07-26,3,Summer
1639,004,266,2023-07-17,2,Summer
1640,002,382,2023-06-04,4,Summer
1641,002,378,2024-04-09,10,Spring
1642,001,246,2024-04-01,5,Spring
1643,002,349,2024-01-28,3,Winter
1644,001,289,2023-12-17,10,Winter
1645,002,357,2024-09-05,10,Autumn
1646,004,257,2023-09-15,3,Autumn
1647,003,383,2023-05-02,3,Spring
1648,002,350,2024-06-08,1,Summer
1649,002,353,2023-05-28,9,Spring
1650,004,258,2024-06-08,7,Summer
1651,001,232,2024-12-04,5,Winter
1652,002,342,2023-05-02,7,Spring
1653,004,281,2024-08-24,5,Summer
1654,004,257,2024-09-28,4,Autumn
1655,004,233,2024-08-24,5,Summer
1656,004,256,2024-02-27,10,Winter
1657,004,280,2023-08-14,6,Summer
1658,003,367,2024-09-28,4,Autumn
1659,004,272,2024-10-04,10,Autumn
1660,004,277,2023-06-19,5,Summer
1661,001,276,2024-03-09,3,Spring
1662,001,241,2023-06-01,7,Summer
1663,002,330,2024-09-07,2,Autumn
1664,001,294,2024-04-19,2,Spring
1665,002,372,2023-04-02,2,Spring
1666,003,362,2024-10-27,1,Autumn
1667,001,240,2024-12-09,5,Winter
1668,001,282,2024-09-02,1,Autumn
1669,004,257,2024-10-25,6,Autumn
1670,001,268,2024-01-21,4,Winter
1671,001,249,2023-01-15,6,Winter
1672,001,277,2023-03-07,4,Spring
1673,003,372,2024-01-10,7,Winter
1674,002,369,2023-01-28,10,Winter
1675,004,238,2023-10-10,4,Autumn
1676,004,264,2024-08-09,10,Summer
1677,002,368,2024-12-24,10,Winter
1678,004,272,2024-10-31,10,Autumn
1679,001,275,2023-06-07,9,Summer
1680,003,382,2024-12-07,5,Winter
1681,001,286,2023-04-08,7,Spring
1682,003,359,2023-08-12,2,Summer
1683,001,293,2023-04-02,8,Spring
1684,003,341,2023-01-27,8,Winter
1685,004,249,2024-11-17,10,Autumn
1686,001,276,2023-10-24,7,Autumn
1687,003,342,2023-02-03,8,Winter
1688,002,390,2024-04-12,5,Spring
1689,001,257,2024-05-07,7,Spring
1690,001,238,2023-05-12,10,Spring
1691,004,251,2023-04-03,4,Spring
1692,004,299,2023-11-06,8,Autumn
1693,002,343,2024-05-22,7,Spring
1694,003,393,2023-03-26,5,Spring
1695,003,393,2023-06-21,3,Summer
1696,002,386,2023-07-05,6,Summer
1697,003,386,2023-02-06,8,Winter
1698,003,380,2024-12-11,7,Winter
1699,001,293,2023-11-11,5,Autumn
1700,002,340,2024-12-06,1,Winter
1701,004,287,2024-02-08,9,Winter
1702,001,294,2023-01-12,4,Winter
1703,001,268,2023-07-09,2,Summer
1704,003,391,2023-03-30,9,Spring
1705,003,359,2023-01-28,1,Winter
1706,002,343,2023-12-18,5,Winter
1707,004,266,2024-06-08,1,Summer
1708,003,374,2023-08-15,5,Summer
1709,001,294,2023-07-20,4,Summer
1710,002,326,2024-06-05,10,Summer
1711,004,264,2024-01-26,4,Winter
1712,001,251,2023-03-15,4,Spring
1713,004,236,2024-02-19,4,Winter
1714,002,378,2023-10-22,6,Autumn
1715,004,292,2023-07-26,7,Summer
1716,004,263,2024-07-13,4,Summer
1717,001,271,2023-07-09,5,Summer
1718,003,339,2024-05-08,4,Spring
1719,002,339,2024-01-05,9,Winter
1720,001,292,2023-04-22,5,Spring
1721,003,399,2023-10-24,3,Autumn
1722,001,283,2024-08-29,5,Summer
1723,003,334,2023-07-11,9,Summer
1724,003,391,2023-05-16,10,Spring
1725,004,277,2024-06-22,7,Summer
1726,004,264,2023-03-17,10,Spring
1727,003,336,2023-02-27,6,Winter
1728,004,284,2024-11-03,9,Autumn
1729,004,236,2023-07-27,1,Summer
1730,003,335,2024-08-14,1,Summer
1731,002,357,2024-01-09,7,Winter
1732,001,285,2024-06-22,6,Summer
1733,004,287,2024-04-07,2,Spring
1734,003,351,2023-11-27,10,Autumn
1735,002,354,2023-01-19,2,Winter
1736,004,272,2023-10-17,7,Autumn
1737,003,396,2023-10-12,7,Autumn
1738,001,241,2023-05-31,3,Spring
1739,004,233,2023-05-30,7,Spring
1740,004,265,2024-02-09,10,Winter
1741,001,252,2023-12-28,7,Winter
1742,004,289,2024-03-05,1,Spring
1743,001,252,2024-02-24,7,Winter
1744,001,235,2024-09-02,6,Autumn
1745,001,238,2024-10-18,8,Autumn
1746,002,326,2023-09-06,2,Autumn
1747,004,294,2023-01-29,4,Winter
1748,004,230,2024-02-26,10,Winter
1749,004,274,2024-08-19,1,Summer
1750,003,333,2023-12-12,1,Winter
1751,004,269,2023-04-12,4,Spring
1752,001,240,2024-05-06,7,Spring
1753,003,334,2023-12-29,6,Winter
1754,001,256,2023-03-28,2,Spring
1755,004,298,2024-10-04,9,Autumn
1756,002,382,2024-07-11,7,Summer
1757,001,280,2024-11-14,7,Autumn
1758,002,327,2023-10-08,2,Autumn
1759,001,258,2024-11-06,3,Autumn
1760,002,370,2023-06-25,6,Summer
1761,003,351,2024-06-12,5,Summer
1762,004,261,2023-11-09,10,Autumn
1763,004,300,2024-10-21,5,Autumn
1764,002,366,2023-11-08,8,Autumn
1765,001,245,2023-01-11,9,Winter
1766,001,258,2023-11-04,1,Autumn
1767,001,290,2024-06-10,5,Summer
1768,001,266,2023-04-03,3,Spring
1769,003,343,2024-12-30,10,Winter
1770,001,260,2023-09-12,1,Autumn
1771,002,386,2023-05-04,1,Spring
1772,004,283,2023-06-28,2,Summer
1773,002,351,2024-11-03,4,Autumn
1774,003,361,2023-07-02,1,Summer
1775,001,280,2023-04-21,9,Spring
1776,003,373,2023-09-30,10,Autumn
1777,001,274,2023-05-06,10,Spring
1778,002,376,2023-11-28,3,Autumn
1779,003,384,2023-02-12,3,Winter
1780,004,268,2023-05-01,1,Spring
1781,001,287,2023-11-03,9,Autumn
1782,003,334,2024-02-07,1,Winter
1783,002,325,2024-07-27,4,Summer
1784,001,276,2023-04-10,8,Spring
1785,003,385,2023-06-02,6,Summer
1786,004,265,2024-11-02,3,Autumn
1787,001,258,2023-01-26,2,Winter
1788,001,264,2023-03-12,5,Spring
1789,003,389,2023-03-26,9,Spring
1790,003,390,2024-07-02,7,Summer
1791,002,385,2023-11-10,3,Autumn
1792,003,357,2023-07-24,8,Summer
1793,001,284,2023-03-25,1,Spring
1794,004,271,2024-09-23,3,Autumn
1795,004,259,2023-02-02,3,Winter
1796,004,252,2023-04-23,3,Spring
1797,004,256,2023-05-01,10,Spring
1798,001,286,2024-09-04,9,Autumn
1799,002,350,2024-12-05,2,Winter
1800,003,359,2023-03-09,2,Spring
1801,001,298,2024-04-20,10,Spring
1802,004,268,2024-04-29,9,Spring
1803,003,340,2024-05-02,9,Spring
1804,003,390,2024-03-18,3,Spring
1805,002,367,2024-01-22,1,Winter
1806,002,367,2024-03-10,8,Spring
1807,001,271,2023-10-19,6,Autumn
1808,002,373,2024-02-02,9,Winter
1809,002,374,2023-08-07,5,Summer
1810,003,388,2024-04-22,6,Spring
1811,002,324,2024-10-06,7,Autumn
1812,003,339,2024-07-15,7,Summer
1813,004,266,2024-05-05,7,Spring
1814,002,356,2024-10-15,10,Autumn
1815,001,284,2023-06-04,8,Summer
1816,002,351,2023-01-14,2,Winter
1817,004,299,2023-06-01,2,Summer
1818,003,347,2023-02-25,3,Winter
1819,002,327,2024-02-20,10,Winter
1820,001,243,2023-10-23,8,Autumn
1821,002,324,2024-02-03,8,Winter
1822,004,249,2023-11-09,6,Autumn
1823,004,238,2024-10-26,8,Autumn
1824,001,276,2023-01-12,1,Winter
1825,003,388,2024-08-29,5,Summer
1826,004,283,2023-02-15,9,Winter
1827,001,279,2024-10-04,10,Autumn
1828,002,324,2023-09-06,7,Autumn
1829,002,358,2023-06-16,8,Summer
1830,002,325,2024-08-21,2,Summer
1831,004,266,2024-07-14,10,Summer
1832,004,238,2023-02-11,8,Winter
1833,004,297,2024-08-02,3,Summer
1834,002,330,2023-11-29,4,Autumn
1835,001,291,2023-06-06,9,Summer
1836,004,246,2024-06-29,7,Summer
1837,004,248,2023-01-07,2,Winter
1838,003,352,2024-11-30,3,Autumn
1839,001,242,2023-07-21,4,Summer
1840,002,377,2023-04-06,9,Spring
1841,001,269,2024-11-24,10,Autumn
1842,003,355,2024-03-23,2,Spring
1843,003,349,2023-06-04,5,Summer
1844,004,295,2023-01-03,7,Winter
1845,003,341,2024-04-15,7,Spring
1846,004,275,2023-10-07,5,Autumn
1847,003,338,2023-10-18,10,Autumn
1848,001,281,2024-08-06,7,Summer
1849,002,353,2023-09-20,9,Autumn
1850,003,375,2023-10-10,2,Autumn
1851,003,354,2023-08-26,9,Summer
1852,002,348,2024-03-23,2,Spring
1853,002,333,2024-03-26,6,Spring
1854,002,348,2024-06-25,2,Summer
1855,002,348,2024-07-16,9,Summer
1856,002,370,2024-05-15,1,Spring
1857,002,348,2023-09-15,5,Autumn
1858,001,291,2023-05-01,9,Spring
1859,001,263,2023-08-29,3,Summer
1860,004,255,2023-03-23,6,Spring
1861,002,354,2024-04-21,3,Spring
1862,001,264,2024-02-21,7,Winter
1863,001,252,2024-09-09,7,Autumn
1864,003,393,2023-02-25,9,Winter
1865,004,280,2024-07-05,3,Summer
1866,003,370,2023-09-07,6,Autumn
1867,004,289,2023-03-31,5,Spring
1868,001,237,2023-03-22,5,Spring
1869,004,299,2024-07-31,9,Summer
1870,004,264,2024-05-15,8,Spring
1871,004,239,2024-11-21,9,Autumn
1872,004,236,2023-04-29,2,Spring
1873,004,298,2023-12-01,7,Winter
1874,004,236,2024-08-05,1,Summer
1875,001,264,2024-11-29,6,Autumn
1876,001,266,2024-07-25,10,Summer
1877,001,297,2024-02-12,10,Winter
1878,003,344,2023-08-01,5,Summer
1879,002,385,2023-01-12,5,Winter
1880,001,240,2023-03-01,10,Spring
1881,004,263,2024-07-08,9,Summer
1882,003,372,2023-12-11,3,Winter
1883,004,265,2024-01-05,6,Winter
1884,004,291,2023-01-21,2,Winter
1885,001,271,2023-01-22,9,Winter
1886,001,279,2023-12-17,4,Winter
1887,001,244,2023-08-19,2,Summer
1888,002,366,2023-05-07,3,Spring
1889,003,354,2024-03-06,1,Spring
1890,004,284,2024-07-06,5,Summer
1891,002,331,2024-12-08,6,Winter
1892,004,285,2023-06-18,1,Summer
1893,002,376,2023-10-06,7,Autumn
1894,001,274,2024-05-08,5,Spring
1895,001,252,2023-12-13,10,Winter
1896,004,285,2024-12-07,1,Winter
1897,003,338,2023-05-12,4,Spring
1898,004,278,2024-04-21,6,Spring
1899,004,293,2023-10-05,3,Autumn
1900,004,241,2024-09-23,5,Autumn
1901,003,342,2023-12-02,4,Winter
1902,004,251,2023-04-30,8,Spring
1903,004,285,2023-01-16,2,Winter
1904,004,249,2023-02-25,5,Winter
1905,003,369,2023-07-15,10,Summer
1906,001,241,2023-06-19,4,Summer
1907,002,339,2023-04-13,9,Spring
1908,001,250,2023-02-06,9,Winter
1909,001,247,2023-01-02,3,Winter
1910,004,300,2024-06-21,2,Summer
1911,002,342,2023-11-08,1,Autumn
1912,003,391,2023-11-01,6,Autumn
1913,001,279,2023-07-07,9,Summer
1914,002,380,2023-08-20,2,Summer
1915,003,392,2024-01-15,6,Winter
1916,001,257,2024-10-24,4,Autumn
1917,003,397,2023-06-04,1,Summer
1918,004,272,2024-04-23,1,Spring
1919,001,258,2023-09-24,4,Autumn
1920,001,258,2023-08-24,3,Summer
1921,002,337,2023-03-06,6,Spring
1922,004,276,2024-09-04,7,Autumn
1923,002,336,2024-07-14,6,Summer
1924,003,394,2024-04-24,4,Spring
1925,004,232,2023-02-07,4,Winter
1926,003,333,2023-05-24,9,Spring
1927,003,353,2023-06-14,4,Summer
1928,004,247,2024-02-12,5,Winter
1929,001,277,2023-04-05,6,Spring
1930,004,292,2023-12-15,3,Winter
1931,002,351,2023-01-01,2,Winter
1932,004,240,2024-07-03,8,Summer
1933,001,282,2024-06-24,5,Summer
1934,001,243,2023-04-05,4,Spring
1935,004,252,2023-10-14,9,Autumn
1936,001,270,2024-03-20,8,Spring
1937,002,332,2024-01-11,4,Winter
1938,003,331,2023-11-17,9,Autumn
1939,004,289,2024-11-12,7,Autumn
1940,003,386,2024-09-25,4,Autumn
1941,003,349,2024-11-06,7,Autumn
1942,002,381,2024-05-30,7,Spring
1943,004,300,2024-12-20,7,Winter
1944,002,381,2023-11-05,8,Autumn
1945,004,273,2024-12-28,2,Winter
1946,001,259,2024-02-21,1,Winter
1947,004,231,2024-06-13,2,Summer
1948,003,388,2024-12-29,5,Winter
1949,004,279,2023-03-19,2,Spring
1950,002,362,2023-09-10,5,Autumn
1951,002,321,2024-03-25,4,Spring
1952,003,388,2024-06-18,7,Summer
1953,003,382,2023-11-23,1,Autumn
1954,004,267,2023-09-28,2,Autumn
1955,002,335,2023-05-02,6,Spring
1956,001,298,2024-03-19,7,Spring
1957,003,352,2023-02-21,2,Winter
1958,004,240,2024-07-09,7,Summer
1959,002,345,2024-12-23,6,Winter
1960,002,367,2024-03-13,7,Spring
1961,003,359,2024-07-19,7,Summer
1962,003,383,2023-02-02,10,Winter
1963,004,289,2024-07-17,4,Summer
1964,002,362,2023-11-18,2,Autumn
1965,002,386,2024-09-09,1,Autumn
1966,003,349,2024-11-01,8,Autumn
1967,003,400,2024-12-14,9,Winter
1968,003,361,2024-04-25,5,Spring
1969,002,374,2024-02-25,10,Winter
1970,001,275,2024-08-06,9,Summer
1971,004,265,2023-10-06,2,Autumn
1972,003,400,2024-12-13,6,Winter
1973,002,346,2023-03-25,7,Spring
1974,003,361,2024-11-06,5,Autumn
1975,004,264,2024-04-12,4,Spring
1976,001,267,2023-10-02,10,Autumn
1977,004,256,2024-05-07,9,Spring
1978,002,375,2024-06-14,2,Summer
1979,002,333,2024-05-08,3,Spring
1980,002,375,2024-10-14,5,Autumn
1981,002,358,2023-04-14,9,Spring
1982,003,350,2024-03-08,6,Spring
1983,003,376,2023-11-01,2,Autumn
1984,003,358,2024-03-10,5,Spring
1985,003,361,2023-08-27,9,Summer
1986,001,288,2024-06-07,9,Summer
1987,001,243,2023-11-16,5,Autumn
1988,001,266,2024-10-25,5,Autumn
1989,004,251,2023-02-02,5,Winter
1990,001,267,2023-06-18,6,Summer
1991,001,265,2024-09-01,6,Autumn
1992,003,332,2024-10-23,2,Autumn
1993,003,340,2024-01-18,5,Winter
1994,004,240,2024-10-28,10,Autumn
1995,002,346,2024-03-09,9,Spring
1996,001,246,2023-12-31,5,Winter
1997,002,376,2023-12-26,10,Winter
1998,003,356,2023-04-28,6,Spring
1999,003,375,2024-09-30,9,Autumn